residues contact,residue 1 position,residue 1,residue 1 domain,residue 2 position,residue 2,residue 2 domain,median contacts distance,number atoms contacts,atoms contacts,atoms contacts distances,partner types
713ASP_661ARG,713,ASP,PPR,661,ARG,FABD-like,2.086622338351278,1,ASP713_O-ARG661_NH1-HH12,2.086622338351278,donor
715SER_661ARG,715,SER,PPR,661,ARG,FABD-like,1.9716050851789049,1,SER715_OG-ARG661_NH1-HH11,1.9716050851789049,donor
718GLU_707THR,718,GLU,PPR,707,THR,FABD-like,2.130211488959281,1,THR707_OG1-GLU718_N-H,2.130211488959281,acceptor
718GLU_294GLY,718,GLU,PPR,294,GLY,MetY,1.9886276933334688,1,GLU718_O-GLY294_N-H,1.9886276933334688,donor
720ALA_297GLY,720,ALA,PPR,297,GLY,MetY,2.611558188704019,1,ALA720_O-GLY297_N-H,2.611558188704019,donor
720ALA_292ILE,720,ALA,PPR,292,ILE,MetY,2.00935247437133,1,ILE292_O-ALA720_N-H,2.00935247437133,acceptor
720ALA_296GLY,720,ALA,PPR,296,GLY,MetY,2.505310662615748,1,ALA720_O-GLY296_N-H,2.505310662615748,donor
723ALA_296GLY,723,ALA,PPR,296,GLY,MetY,2.383657354037222,1,ALA723_O-GLY296_N-H,2.383657354037222,donor
728PRO_661ARG,728,PRO,PPR,661,ARG,FABD-like,1.9109549603627525,1,PRO728_O-ARG661_NH2-HH22,1.9109549603627525,donor
730LEU_661ARG,730,LEU,PPR,661,ARG,FABD-like,2.1848429540513905,1,LEU730_O-ARG661_NH2-HH21,2.1848429540513905,donor
733PRO_661ARG,733,PRO,PPR,661,ARG,FABD-like,2.204019290659612,2,PRO733_O-ARG661_NE-HE | PRO733_O-ARG661_NH2-HH21,1.973111040130875 | 2.4349275411883493,donor | donor
740ILE_301LEU,740,ILE,PPR,301,LEU,MetY,2.021527022427806,1,ILE740_O-LEU301_N-H,2.021527022427806,donor
741TRP_295PRO,741,TRP,PPR,295,PRO,MetY,1.932738849973755,1,PRO295_O-TRP741_NE1-HE1,1.932738849973755,acceptor
742ALA_299PRO,742,ALA,PPR,299,PRO,MetY,2.0545517664713917,1,PRO299_O-ALA742_N-H,2.0545517664713917,acceptor
748GLU_808GLN,748,GLU,PPR,808,GLN,PPR,1.830775824508137,1,GLU748_OE1-GLN808_NE2-HE22,1.830775824508137,donor
748GLU_804GLN,748,GLU,PPR,804,GLN,PPR,1.866709526229876,1,GLU748_OE2-GLN804_NE2-HE22,1.866709526229876,donor
748GLU_931ARG,748,GLU,PPR,931,ARG,Macro Domain,2.1996634365819907,4,GLU748_OE1-ARG931_NH1-HH12 | GLU748_OE1-ARG931_NH2-HH22 | GLU748_OE2-ARG931_NH1-HH12 | GLU748_OE2-ARG931_NH2-HH22,2.782202652813217 | 1.822985545261345 | 1.7720506071437003 | 2.5763413279026364,donor | donor | donor | donor
749GLU_817THR,749,GLU,PPR,817,THR,PPR,2.038291434430956,2,GLU749_OE1-THR817_N-H | GLU749_OE2-THR817_N-H,2.039686818961045 | 2.036896049900867,donor | donor
753ARG_895GLN,753,ARG,PPR,895,GLN,Macro Domain,2.0080634002472317,1,GLN895_OE1-ARG753_NH1-HH11,2.0080634002472317,acceptor
756ASN_959GLY,756,ASN,PPR,959,GLY,Macro Domain,1.9141576683902648,1,GLY959_O-ASN756_N-H,1.9141576683902648,acceptor
756ASN_964GLN,756,ASN,PPR,964,GLN,Macro Domain,2.066605933647794,1,GLN964_O-ASN756_ND2-HD22,2.066605933647794,acceptor
756ASN_993TRP,756,ASN,PPR,993,TRP,Macro Domain,2.0078963148295688,1,ASN756_OD1-TRP993_NE1-HE1,2.0078963148295688,donor
766GLU_777ARG,766,GLU,PPR,777,ARG,PPR,1.8493969992580657,1,GLU766_OE1-ARG777_NH1-HH11,1.8493969992580657,donor
767GLU_753ARG,767,GLU,PPR,753,ARG,PPR,1.9304909317801635,4,GLU767_OE1-ARG753_NH1-HH12 | GLU767_OE1-ARG753_NH2-HH22 | GLU767_OE2-ARG753_NH1-HH12 | GLU767_OE2-ARG753_NH2-HH22,2.0106328248643752 | 1.8641330777927831 | 1.9825069335883705 | 1.8784749299719563,donor | donor | donor | donor
779LYS_332ASP,779,LYS,PPR,332,ASP,MetY,2.7071774291691217,3,ASP332_O-LYS779_NZ-HZ1 | ASP332_O-LYS779_NZ-HZ2 | ASP332_O-LYS779_NZ-HZ3,2.7068428769842665 | 2.7076808236935115 | 2.7071774291691217,acceptor | acceptor | acceptor
785THR_761ASN,785,THR,PPR,761,ASN,PPR,1.9954018352983611,1,THR785_OG1-ASN761_ND2-HD22,1.9954018352983611,donor
790ARG_370THR,790,ARG,PPR,370,THR,MetY,2.116163901344348,2,THR370_OG1-ARG790_NH1-HH12 | THR370_OG1-ARG790_NH2-HH22,2.044106448198276 | 2.188221354490419,acceptor | acceptor
790ARG_366GLU,790,ARG,PPR,366,GLU,MetY,1.900651925559411,1,GLU366_OE2-ARG790_NH1-HH11,1.900651925559411,acceptor
793ARG_366GLU,793,ARG,PPR,366,GLU,MetY,2.0590288545557645,2,GLU366_OE1-ARG793_NE-HE | GLU366_OE1-ARG793_NH2-HH21,2.320512459218376 | 1.7975452498931523,acceptor | acceptor
793ARG_364ALA,793,ARG,PPR,364,ALA,MetY,1.8679354583309484,1,ALA364_O-ARG793_NH2-HH22,1.8679354583309484,acceptor
793ARG_363ASN,793,ARG,PPR,363,ASN,MetY,2.0462361149710437,1,ASN363_O-ARG793_NH1-HH12,2.0462361149710437,acceptor
796VAL_931ARG,796,VAL,PPR,931,ARG,Macro Domain,2.040732658663603,1,ARG931_O-VAL796_N-H,2.040732658663603,acceptor
797ARG_931ARG,797,ARG,PPR,931,ARG,Macro Domain,2.106790044612018,1,ARG931_O-ARG797_N-H,2.106790044612018,acceptor
799ILE_367ASP,799,ILE,PPR,367,ASP,MetY,2.366644292677204,2,ASP367_OD1-ILE799_N-H | ASP367_OD2-ILE799_N-H,2.2958490072229627 | 2.437439578131446,acceptor | acceptor
804GLN_884ARG,804,GLN,PPR,884,ARG,Macro Domain,2.6232957074944427,1,GLN804_O-ARG884_NH1-HH11,2.6232957074944427,donor
805GLU_884ARG,805,GLU,PPR,884,ARG,Macro Domain,1.9899443728331312,4,GLU805_OE1-ARG884_NH1-HH12 | GLU805_OE1-ARG884_NH2-HH22 | GLU805_OE2-ARG884_NH1-HH12 | GLU805_OE2-ARG884_NH2-HH22,2.028812518580265 | 1.9510762270859976 | 2.0350034832357293 | 1.9498007996460471,donor | donor | donor | donor
808GLN_886GLY,808,GLN,PPR,886,GLY,Macro Domain,2.221775445201851,1,GLN808_O-GLY886_N-H,2.221775445201851,donor
808GLN_884ARG,808,GLN,PPR,884,ARG,Macro Domain,2.041803294345668,1,GLN808_OE1-ARG884_NH1-HH11,2.041803294345668,donor
816LEU_296GLY,816,LEU,PPR,296,GLY,MetY,2.293188710271897,1,GLY296_O-LEU816_N-H,2.293188710271897,acceptor
817THR_747SER,817,THR,PPR,747,SER,PPR,2.2379056771502968,1,THR817_OG1-SER747_N-H,2.2379056771502968,donor
847SER_866SER,847,SER,PPR,866,SER,Macro Domain,2.2900611055394844,1,SER847_O-SER866_N-H,2.2900611055394844,donor
848ARG_899GLU,848,ARG,PPR,899,GLU,Macro Domain,2.00161893465703,4,GLU899_OE1-ARG848_NH1-HH12 | GLU899_OE1-ARG848_NH2-HH22 | GLU899_OE2-ARG848_NH1-HH12 | GLU899_OE2-ARG848_NH2-HH22,1.981620873864612 | 2.020501415203598 | 1.982736454110462 | 2.0234488740184835,acceptor | acceptor | acceptor | acceptor
